Name,City,IATA
Port Moresby Jacksons International Airport,Port Moresby,POM
Wewak International Airport,Wewak,WWK
Keflavik International Airport,Keflavik,KEF
Edmonton International Airport,Edmonton,YEG
John C. Munro Hamilton International Airport,Hamilton,YHM
Halifax / Stanfield International Airport,Halifax,YHZ
Kelowna International Airport,Kelowna,YLW
Montreal International (Mirabel) Airport,Montreal,YMX
Ottawa Macdonald-Cartier International Airport,Ottawa,YOW
Quebec Jean Lesage International Airport,Quebec,YQB
Greater Moncton International Airport,Moncton,YQM
Regina International Airport,Regina,YQR
Gander International Airport,Gander,YQX
Montreal / Pierre Elliott Trudeau International Airport,Montreal,YUL
Vancouver International Airport,Vancouver,YVR
Winnipeg / James Armstrong Richardson International Airport,Winnipeg,YWG
Cranbrook/Canadian Rockies International Airport,Cranbrook,YXC
Saskatoon John G. Diefenbaker International Airport,Saskatoon,YXE
Whitehorse / Erik Nielsen International Airport,Whitehorse,YXY
Calgary International Airport,Calgary,YYC
Victoria International Airport,Victoria,YYJ
St. John's International Airport,St. John's,YYT
Lester B. Pearson International Airport,Toronto,YYZ
Mohamed Boudiaf International Airport,Constantine,CZL
Kotoka International Airport,Accra,ACC
Nnamdi Azikiwe International Airport,Abuja,ABV
Margaret Ekpo International Airport,Calabar,CBQ
Akanu Ibiam International Airport,Enugu,ENU
Ilorin International Airport,Ilorin,ILR
Mallam Aminu International Airport,Kano,KAN
Maiduguri International Airport,Maiduguri,MIU
Murtala Muhammed International Airport,Lagos,LOS
Port Harcourt International Airport,Port Hartcourt,PHC
Sadiq Abubakar III International Airport,Sokoto,SKO
Diori Hamani International Airport,Niamey,NIM
Mano Dayak International Airport,Agadez,AJY
Monastir Habib Bourguiba International Airport,Monastir,MIR
Tunis Carthage International Airport,Tunis,TUN
Gafsa Ksar International Airport,Gafsa,GAF
Gabès Matmata International Airport,Gabes,GAE
Djerba Zarzis International Airport,Djerba,DJE
Sfax Thyna International Airport,Sfax,SFA
Tozeur Nefta International Airport,Tozeur,TOE
Niamtougou International Airport,Niatougou,LRL
Antwerp International Airport (Deurne),Antwerp,ANR
Ostend-Bruges International Airport,Ostend,OST
Berlin-Tempelhof International Airport,Berlin,THF
Belfast International Airport,Belfast,BFS
Birmingham International Airport,Birmingham,BHX
Cardiff International Airport,Cardiff,CWL
Kent International Airport,Manston,MSE
Blackpool International Airport,Blackpool,BLK
Glasgow International Airport,Glasgow,GLA
Norwich International Airport,Norwich,NWI
Exeter International Airport,Exeter,EXT
Luxembourg-Findel International Airport,Luxemburg,LUX
Kraków John Paul II International Airport,Krakow,KRK
Katowice International Airport,Katowice,KTW
Bram Fischer International Airport,Bloemfontein,BFN
Cape Town International Airport,Cape Town,CPT
King Shaka International Airport,Durban,DUR
OR Tambo International Airport,Johannesburg,JNB
Pilanesberg International Airport,Pilanesberg,NTY
Polokwane International Airport,Potgietersrus,PTG
Sir Seretse Khama International Airport,Gaberone,GBE
Bangui M'Poko International Airport,Bangui,BGF
Sir Seewoosagur Ramgoolam International Airport,Plaisance,MRU
Douala International Airport,Douala,DLA
Garoua International Airport,Garoua,GOU
Kenneth Kaunda International Airport Lusaka,Lusaka,LUN
Simon Mwansa Kapwepwe International Airport,Ndola,NLA
Prince Said Ibrahim International Airport,Moroni,HAH
Dzaoudzi Pamandzi International Airport,Dzaoudzi,DZA
Libreville Leon M'ba International Airport,Libreville,LBV
M'Vengue El Hadj Omar Bongo Ondimba International Airport,Franceville,MVB
São Tomé International Airport,Sao Tome,TMS
Seychelles International Airport,Mahe,SEZ
N'Djamena International Airport,N'djamena,NDJ
Joshua Mqabuko Nkomo International Airport,Bulawayo,BUQ
Victoria Falls International Airport,Victoria Falls,VFA
Robert Gabriel Mugabe International Airport,Harare,HRE
Kariba International Airport,Kariba,KAB
Masvingo International Airport,Masvingo,MVZ
Chileka International Airport,Blantyre,BLZ
Lilongwe International Airport,Lilongwe,LLW
Moshoeshoe I International Airport,Maseru,MSU
Ndjili International Airport,Kinshasa,FIH
Bangoka International Airport,Kisangani,FKI
Goma International Airport,Goma,GOM
Lubumbashi International Airport,Lubumashi,FBM
Modibo Keita International Airport,Bamako,BKO
Banjul International Airport,Banjul,BJL
Lungi International Airport,Freetown,FNA
Roberts International Airport,Monrovia,ROB
Mohammed V International Airport,Casablanca,CMN
Léopold Sédar Senghor International Airport,Dakar,DKR
Nouakchott–Oumtounsy International Airport,Nouakschott,NKC
Atar International Airport,Atar,ATR
Nouadhibou International Airport,Nouadhibou,NDB
Amílcar Cabral International Airport,Amilcar Cabral,SID
Addis Ababa Bole International Airport,Addis Ababa,ADD
Aba Tenna Dejazmach Yilma International Airport,Dire Dawa,DIR
Bujumbura International Airport,Bujumbura,BJM
Egal International Airport,Hargeisa,HGA
Cairo International Airport,Cairo,CAI
Hurghada International Airport,Hurghada,HRG
Luxor International Airport,Luxor,LXR
St Catherine International Airport,St. Catherine,SKV
Aswan International Airport,Aswan,ASW
Eldoret International Airport,Eldoret,EDL
Mombasa Moi International Airport,Mombasa,MBA
Benina International Airport,Benghazi,BEN
Tripoli International Airport,Tripoli,TIP
Kigali International Airport,Kigali,KGL
Juba International Airport,Juba,JUB
Khartoum International Airport,Khartoum,KRT
Julius Nyerere International Airport,Dar Es Salaam,DAR
Kilimanjaro International Airport,Kilimanjaro,JRO
Abeid Amani Karume International Airport,Zanzibar,ZNZ
Entebbe International Airport,Entebbe,EBB
Tirana International Airport Mother Teresa,Tirana,TIA
Plovdiv International Airport,Plovdiv,PDV
Larnaca International Airport,Larnaca,LCA
Paphos International Airport,Paphos,PFO
Alicante International Airport,Alicante,ALC
Almería International Airport,Almeria,LEI
Barcelona International Airport,Barcelona,BCN
Charles de Gaulle International Airport,Paris,CDG
Heraklion International Nikos Kazantzakis Airport,Heraklion,HER
Ioannis Kapodistrias International Airport,Kerkyra/corfu,CFU
Alexander the Great International Airport,Kavala,KVA
Mytilene International Airport,Mytilini,MJT
Chania International Airport,Chania,CHQ
Thessaloniki Macedonia International Airport,Thessaloniki,SKG
"Zakynthos International Airport ""Dionysios Solomos""",Zakynthos,ZTH
Budapest Liszt Ferenc International Airport,Budapest,BUD
Debrecen International Airport,Debrecen,DEB
Pescara International Airport,Pescara,PSR
Malpensa International Airport,Milano,MXP
Il Caravaggio International Airport,Bergamo,BGY
Villanova D'Albenga International Airport,Albenga,ALL
Cuneo International Airport,Cuneo,CUF
Federico Fellini International Airport,Rimini,RMI
Ciampino–G. B. Pastine International Airport,Rome,CIA
Naples International Airport,Naples,NAP
Pisa International Airport,Pisa,PSA
Perugia San Francesco d'Assisi – Umbria International Airport,Perugia,PEG
Karlovy Vary International Airport,Karlovy Vary,KLV
Ben Gurion International Airport,Tel-aviv,TLV
Haifa International Airport,Haifa,HFA
Ovda International Airport,Ovda,VDA
Malta International Airport,Malta,MLA
Vienna International Airport,Vienna,VIE
Mostar International Airport,Mostar,OMO
Sarajevo International Airport,Sarajevo,SJJ
Arad International Airport,Arad,ARW
Băneasa International Airport,Bucharest,BBU
Mihail Kogălniceanu International Airport,Constanta,CND
Cluj-Napoca International Airport,Cluj-napoca,CLJ
Oradea International Airport,Oradea,OMR
Henri Coandă International Airport,Bucharest,OTP
Sibiu International Airport,Sibiu,SBZ
Transilvania Târgu Mureş International Airport,Tirgu Mures,TGM
Geneva Cointrin International Airport,Geneva,GVA
Esenboğa International Airport,Ankara,ESB
Antalya International Airport,Antalya,AYT
Gaziantep International Airport,Gaziantep,GZT
Atatürk International Airport,Istanbul,ISL
Adnan Menderes International Airport,Izmir,ADB
Dalaman International Airport,Dalaman,DLM
Erzurum International Airport,Erzurum,ERZ
Trabzon International Airport,Trabzon,TZX
Bălți International Airport,Saltsy,BZY
Chişinău International Airport,Chisinau,KIV
Priština International Airport,Pristina,PRN
Maria Montez International Airport,Barahona,BRX
Casa De Campo International Airport,La Romana,LRM
Punta Cana International Airport,Punta Cana,PUJ
Gregorio Luperon International Airport,Puerto Plata,POP
Las Américas International Airport,Santo Domingo,SDQ
Cibao International Airport,Santiago,STI
Goloson International Airport,La Ceiba,LCE
Ramón Villeda Morales International Airport,San Pedro Sula,SAP
Juan Manuel Galvez International Airport,Roatan,RTB
Toncontín International Airport,Tegucigalpa,TGU
Norman Manley International Airport,Kingston,KIN
Sangster International Airport,Montego Bay,MBJ
General Juan N Alvarez International Airport,Acapulco,ACA
Del Norte International Airport,Monterrey,NTR
Jesús Terán Paredo International Airport,Aguascalientes,AGU
Bahías de Huatulco International Airport,Huatulco,HUX
Ciudad Acuña New International Airport,Ciudad Acuna,ACN
Ciudad del Carmen International Airport,Ciudad Del Carmen,CME
Bachigualato Federal International Airport,Culiacan,CUL
Chetumal International Airport,Chetumal,CTM
Ciudad Obregón International Airport,Ciudad Obregon,CEN
Ingeniero Alberto Acuña Ongay International Airport,Campeche,CPE
Abraham González International Airport,Ciudad Juarez,CJS
General Roberto Fierro Villalobos International Airport,Chihuahua,CUU
General Pedro Jose Mendez International Airport,Ciudad Victoria,CVM
Cozumel International Airport,Cozumel,CZM
General Guadalupe Victoria International Airport,Durango,DGO
Ensenada International Airport,Ensenada,ESE
Don Miguel Hidalgo Y Costilla International Airport,Guadalajara,GDL
General José María Yáñez International Airport,Guaymas,GYM
General Ignacio P. Garcia International Airport,Hermosillo,HMO
Plan De Guadalupe International Airport,Saltillo,SLW
Valle del Fuerte International Airport,Los Mochis,LMM
Del Bajío International Airport,Del Bajio,BJX
Manuel Márquez de León International Airport,La Paz,LAP
Loreto International Airport,Loreto,LTO
General Servando Canales International Airport,Matamoros,MAM
General Rodolfo Sánchez Taboada International Airport,Mexicali,MXL
General Francisco J. Mujica International Airport,Morelia,MLM
Monclova International Airport,Monclova,LOV
Licenciado Benito Juarez International Airport,Mexico City,MEX
General Mariano Escobedo International Airport,Monterrey,MTY
General Rafael Buelna International Airport,Mazatlan,MZT
Nogales International Airport,Nogales,NOG
Quetzalcóatl International Airport,Nuevo Laredo,NLD
Xoxocotlán International Airport,Oaxaca,OAX
Hermanos Serdán International Airport,Puebla,PBC
Mar de Cortés International Airport,Punta Penasco,PPE
Piedras Negras International Airport,Piedras Negras,PDS
Licenciado Gustavo Díaz Ordaz International Airport,Puerto Vallarta,PVR
Puerto Escondido International Airport,Puerto Escondido,PXM
General Lucio Blanco International Airport,Reynosa,REX
Los Cabos International Airport,San Jose Del Cabo,SJD
San Felipe International Airport,San Filipe,SFH
Ponciano Arriaga International Airport,San Luis Potosi,SLP
Francisco Sarabia International Airport,Torreon,TRC
Angel Albino Corzo International Airport,Tuxtla Gutierrez,TGZ
General Abelardo L. Rodríguez International Airport,Tijuana,TIJ
General Francisco Javier Mina International Airport,Tampico,TAM
Licenciado Adolfo Lopez Mateos International Airport,Toluca,TLC
Tapachula International Airport,Tapachula,TAP
Cancún International Airport,Cancun,CUN
Carlos Rovirosa Pérez International Airport,Villahermosa,VSA
General Heriberto Jara International Airport,Vera Cruz,VER
General Leobardo C. Ruiz International Airport,Zacatecas,ZCL
Ixtapa Zihuatanejo International Airport,Zihuatanejo,ZIH
Playa De Oro International Airport,Manzanillo,ZLO
Augusto C. Sandino (Managua) International Airport,Managua,MGA
Bocas Del Toro International Airport,Bocas Del Toro,BOC
Cap Manuel Niño International Airport,Changuinola,CHX
Enrique Malek International Airport,David,DAV
Panama Pacific International Airport,Howard,BLB
Marcos A. Gelabert International Airport,Panama,PAC
Tocumen International Airport,Panama City,PTY
Daniel Oduber Quiros International Airport,Liberia,LIR
Limon International Airport,Limon,LIO
Juan Santamaria International Airport,San Jose,SJO
Monseñor Óscar Arnulfo Romero International Airport,San Salvador,SAL
Cap Haitien International Airport,Cap Haitien,CAP
Toussaint Louverture International Airport,Port-au-prince,PAP
Vilo Acuña International Airport,Cayo Largo del Sur,CYO
Ignacio Agramonte International Airport,Camaguey,CMW
Antonio Maceo International Airport,Santiago De Cuba,SCU
José Martí International Airport,Havana,HAV
Frank Pais International Airport,Holguin,HOG
Juan Gualberto Gomez International Airport,Varadero,VRA
Gerrard Smith International Airport,Cayman Brac,CYB
Owen Roberts International Airport,Georgetown,GCM
Leonard M Thompson International Airport,Marsh Harbor,MHH
Exuma International Airport,Great Exuma,GGT
Grand Bahama International Airport,Freeport,FPO
Lynden Pindling International Airport,Nassau,NAS
Philip S. W. Goldson International Airport,Belize City,BZE
Rarotonga International Airport,Avarua,RAR
Nadi International Airport,Nandi,NAN
Nausori International Airport,Nausori,SUV
Fua'amotu International Airport,Tongatapu,TBU
Vava'u International Airport,Vava'u,VAV
Bonriki International Airport,Tarawa,TRW
Faleolo International Airport,Faleolo,APW
Pago Pago International Airport,Pago Pago,PPG
Bauerfield International Airport,Port-vila,VLI
La Tontouta International Airport,Noumea,NOU
Auckland International Airport,Auckland,AKL
Christchurch International Airport,Christchurch,CHC
Hamilton International Airport,Hamilton,HLZ
Queenstown International Airport,Queenstown International,ZQN
Wellington International Airport,Wellington,WLG
Hamid Karzai International Airport,Kabul,KBL
Bahrain International Airport,Bahrain,BAH
King Fahd International Airport,Dammam,DMM
King Abdulaziz International Airport,Jeddah,JED
King Khaled International Airport,Riyadh,RUH
Kish International Airport,Kish Island,KIH
Esfahan Shahid Beheshti International Airport,Esfahan,IFN
Mehrabad International Airport,Teheran,THR
Bandar Abbas International Airport,Bandar Abbas,BND
Shiraz Shahid Dastghaib International Airport,Shiraz,SYZ
Tabriz International Airport,Tabriz,TBZ
Zahedan International Airport,Zahedan,ZAH
Queen Alia International Airport,Amman,AMM
Amman-Marka International Airport,Amman,ADJ
Aqaba King Hussein International Airport,Aqaba,AQJ
Kuwait International Airport,Kuwait,KWI
Beirut Rafic Hariri International Airport,Beirut,BEY
Abu Dhabi International Airport,Abu Dhabi,AUH
Dubai International Airport,Dubai,DXB
Fujairah International Airport,Fujeirah,FJR
Ras Al Khaimah International Airport,Ras Al Khaimah,RKT
Sharjah International Airport,Sharjah,SHJ
Muscat International Airport,Muscat,MCT
Faisalabad International Airport,Faisalabad,LYP
Gwadar International Airport,Gwadar,GWD
Jinnah International Airport,Karachi,KHI
Alama Iqbal International Airport,Lahore,LHE
Multan International Airport,Multan,MUX
Peshawar International Airport,Peshawar,PEW
Quetta International Airport,Quetta,UET
Basrah International Airport,Basrah,BSR
Aleppo International Airport,Aleppo,ALP
Damascus International Airport,Damascus,DAM
Bassel Al-Assad International Airport,Latakia,LTK
Doha International Airport,Doha,DIA
Rota International Airport,Rota,ROP
Saipan International Airport,Saipan,SPN
Antonio B. Won Pat International Airport,Agana,GUM
Tinian International Airport,West Tinian,TIQ
Marshall Islands International Airport,Majuro,MAJ
Cassidy International Airport,Kiritimati,CXI
Chuuk International Airport,Chuuk,TKK
Pohnpei International Airport,Pohnpei,PNI
Kosrae International Airport,Kosrae,KSA
Yap International Airport,Yap,YAP
Kaohsiung International Airport,Kaohsiung,KHH
Taiwan Taoyuan International Airport,Taipei,TPE
Narita International Airport,Tokyo,NRT
Osaka International Airport,Osaka,ITM
Tokyo Haneda International Airport,Tokyo,HND
Jeju International Airport,Cheju,CJU
Gimhae International Airport,Busan,PUS
Gimpo International Airport,Seoul,GMP
Ninoy Aquino International Airport,Manila,MNL
General Santos International Airport,Romblon,GES
Zamboanga International Airport,Zamboanga,ZAM
Iloilo International Airport,Iloilo,ILO
Kalibo International Airport,Kalibo,KLO
Resistencia International Airport,Resistencia,RES
Cataratas Del Iguazú International Airport,Iguazu Falls,IGR
Martin Miguel De Guemes International Airport,Salta,SLA
Gobernador Horacio Guzman International Airport,Jujuy,JUJ
Hermes Quijada International Airport,Rio Grande,RGA
Ástor Piazzola International Airport,Mar Del Plata,MDQ
Val de Cans/Júlio Cezar Ribeiro International Airport,Belem,BEL
Presidente Juscelino Kubistschek International Airport,Brasilia,BSB
Tancredo Neves International Airport,Belo Horizonte,CNF
Corumbá International Airport,Corumba,CMG
Eduardo Gomes International Airport,Manaus,MAO
Cataratas International Airport,Foz Do Iguacu,IGU
Hercílio Luz International Airport,Florianopolis,FLN
Pinto Martins International Airport,Fortaleza,FOR
Rio Galeão – Tom Jobim International Airport,Rio De Janeiro,GIG
Guarulhos - Governador André Franco Montoro International Airport,Sao Paulo,GRU
Presidente Castro Pinto International Airport,Joao Pessoa,JPA
Viracopos International Airport,Campinas,VCP
Ministro Victor Konder International Airport,Navegantes,NVT
Governador Aluízio Alves International Airport,Natal,NAT
João Simões Lopes Neto International Airport,Pelotas,PET
Guararapes - Gilberto Freyre International Airport,Recife,REC
Marechal Cunha Machado International Airport,Sao Luis,SLZ
Deputado Luiz Eduardo Magalhães International Airport,Salvador,SSA
Comodoro Arturo Merino Benítez International Airport,Santiago,SCL
Andrés Sabella Gálvez International Airport,Antofagasta,ANF
José Joaquín de Olmedo International Airport,Guayaquil,GYE
Cotopaxi International Airport,Latacunga,LTX
Eloy Alfaro International Airport,Manta,MEC
Mariscal Sucre International Airport,Quito,UIO
Santa Rosa International Airport,Santa Rosa,ETR
Silvio Pettirossi International Airport,Asuncion,ASU
Dr. Luis Maria Argaña International Airport,Mariscal Estigarribia,ESG
El Dorado International Airport,Bogota,BOG
Ernesto Cortissoz International Airport,Barranquilla,BAQ
Camilo Daza International Airport,Cucuta,CUC
Rafael Nuñez International Airport,Cartagena,CTG
Alfonso Bonilla Aragon International Airport,Cali,CLO
Alfredo Vásquez Cobo International Airport,Leticia,LET
Matecaña International Airport,Pereira,PEI
Jose Maria Córdova International Airport,Rio Negro,MDE
Simón Bolívar International Airport,Santa Marta,SMR
Gustavo Rojas Pinilla International Airport,San Andres Island,ADZ
Jorge Wilsterman International Airport,Cochabamba,CBB
El Alto International Airport,La Paz,LPB
Viru Viru International Airport,Santa Cruz,VVI
Johan Adolf Pengel International Airport,Zandery,PBM
Cap FAP David Abenzur Rengifo International Airport,Pucallpa,PCL
Capitan FAP Jose A Quinones Gonzales International Airport,Chiclayo,CIX
Jorge Chávez International Airport,Lima,LIM
Inca Manco Capac International Airport,Juliaca,JUL
Coronel FAP Francisco Secada Vignetta International Airport,Iquitos,IQT
Rodríguez Ballón International Airport,Arequipa,AQP
Capitan FAP Carlos Martinez De Pinillos International Airport,Trujillo,TRU
Capitán FAP Renán Elías Olivera International Airport,Pisco,PIO
Coronel FAP Carlos Ciriani Santa Rosa International Airport,Tacna,TCQ
Padre Aldamiz International Airport,Puerto Maldonado,PEM
Capitán FAP Guillermo Concha Iberico International Airport,Piura,PIU
Alejandro Velasco Astete International Airport,Cuzco,CUZ
Santa Bernardina International Airport,Durazno,DZO
Carrasco International /General C L Berisso Airport,Montevideo,MVD
Nueva Hesperides International Airport,Salto,STY
General José Antonio Anzoategui International Airport,Barcelona,BLA
Barquisimeto International Airport,Barquisimeto,BRM
Josefa Camejo International Airport,Paraguana,LSP
La Chinita International Airport,Maracaibo,MAR
Del Caribe Santiago Mariño International Airport,Porlamar,PMV
Simón Bolívar International Airport,Caracas,CCS
General Bartolome Salom International Airport,Puerto Cabello,PBL
General Manuel Carlos Piar International Airport,Guayana,PZO
Mayor Buenaventura Vivas International Airport,Santo Domingo,STD
Arturo Michelena International Airport,Valencia,VLN
V.C. Bird International Airport,Antigua,ANU
Sir Grantley Adams International Airport,Bridgetown,BGI
Martinique Aimé Césaire International Airport,Fort-de-france,FDF
Point Salines International Airport,Point Salines,GND
Luis Munoz Marin International Airport,San Juan,SJU
Robert L. Bradshaw International Airport,Basse Terre,SKB
Hewanorra International Airport,Hewandorra,UVF
Queen Beatrix International Airport,Oranjestad,AUA
Flamingo International Airport,Kralendijk,BON
Hato International Airport,Willemstad,CUR
Princess Juliana International Airport,Philipsburg,SXM
Clayton J Lloyd International Airport,The Valley,AXA
Piarco International Airport,Port-of-spain,POS
Terrance B. Lettsome International Airport,Tortola,EIS
Argyle International Airport,Kingstown,SVD
Astana International Airport,Tselinograd,TSE
Manas International Airport,Bishkek,FRU
Heydar Aliyev International Airport,Baku,GYD
Vladivostok International Airport,Vladivostok,VVO
Boryspil International Airport,Kiev,KBP
Donetsk International Airport,Donetsk,DOK
Dnipropetrovsk International Airport,Dnepropetrovsk,DNK
Simferopol International Airport,Simferopol,SIP
Kiev Zhuliany International Airport,Kiev,IEV
Lviv International Airport,Lvov,LWO
Odessa International Airport,Odessa,ODS
Krasnodar Pashkovsky International Airport,Krasnodar,KRR
Platov International Airport,Rostov,ROV
Sochi International Airport,Sochi,AER
Volgograd International Airport,Volgograd,VOG
Magnitogorsk International Airport,Magnetiogorsk,MQF
Ashgabat International Airport,Ashkhabad,ASB
Tashkent International Airport,Tashkent,TAS
Sheremetyevo International Airport,Moscow,SVO
Voronezh International Airport,Voronezh,VOZ
Vnukovo International Airport,Moscow,VKO
Kazan International Airport,Kazan,KZN
Ufa International Airport,Ufa,UFA
Kurumoch International Airport,Samara,KUF
Sardar Vallabhbhai Patel International Airport,Ahmedabad,AMD
Chhatrapati Shivaji International Airport,Mumbai,BOM
Raja Bhoj International Airport,Bhopal,BHO
Dr. Babasaheb Ambedkar International Airport,Nagpur,NAG
Bandaranaike International Colombo Airport,Colombo,CMB
Phnom Penh International Airport,Phnom-penh,PNH
Siem Reap International Airport,Siem-reap,REP
Netaji Subhash Chandra Bose International Airport,Kolkata,CCU
Shah Amanat International Airport,Chittagong,CGP
Osmany International Airport,Sylhet Osmani,ZYL
Hazrat Shahjalal International Airport,Dhaka,DAC
Hong Kong International Airport,Hong Kong,HKG
Sri Guru Ram Dass Jee International Airport,Amritsar,ATQ
Indira Gandhi International Airport,Delhi,DEL
Jaipur International Airport,Jaipur,JAI
Chaudhary Charan Singh International Airport,Lucknow,LKO
Luang Phabang International Airport,Luang Prabang,LPQ
Pakse International Airport,Pakse,PKZ
Wattay International Airport,Vientiane,VTE
Macau International Airport,Macau,MFM
Tribhuvan International Airport,Kathmandu,KTM
Kempegowda International Airport,Bangalore,BLR
Coimbatore International Airport,Coimbatore,CJB
Cochin International Airport,Kochi,COK
Calicut International Airport,Calicut,CCJ
Mangalore International Airport,Mangalore,IXE
Chennai International Airport,Madras,MAA
Vir Savarkar International Airport,Port Blair,IXZ
Trivandrum International Airport,Trivandrum,TRV
Malé International Airport,Male,MLE
Don Mueang International Airport,Bangkok,DMK
U-Tapao International Airport,Pattaya,UTP
Phuket International Airport,Phuket,HKT
Hat Yai International Airport,Hat Yai,HDY
Da Nang International Airport,Danang,DAD
Noi Bai International Airport,Hanoi,HAN
Phu Quoc International Airport,Phuquoc,PQC
Tan Son Nhat International Airport,Ho Chi Minh City,SGN
Mandalay International Airport,Mandalay,MDL
Yangon International Airport,Yangon,RGN
Hasanuddin International Airport,Ujung Pandang,UPG
Sentani International Airport,Jayapura,DJJ
Kuching International Airport,Kuching,KCH
Kota Kinabalu International Airport,Kota Kinabalu,BKI
Brunei International Airport,Bandar Seri Begawan,BWN
Soekarno-Hatta International Airport,Jakarta,CGK
Minangkabau International Airport,Padang,PDG
Sultan Iskandar Muda International Airport,Banda Aceh,BTJ
Senai International Airport,Johor Bahru,JHB
Kuala Lumpur International Airport,Kuala Lumpur,KUL
Langkawi International Airport,Langkawi,LGK
Penang International Airport,Penang,PEN
Presidente Nicolau Lobato International Airport,Dili,DIL
Brisbane International Airport,Brisbane,BNE
Cairns International Airport,Cairns,CNS
Hobart International Airport,Hobart,HBA
Melbourne International Airport,Melbourne,MEL
Adelaide International Airport,Adelaide,ADL
Port Hedland International Airport,Port Hedland,PHE
Perth International Airport,Perth,PER
Canberra International Airport,Canberra,CBR
Norfolk Island International Airport,Norfolk Island,NLK
Sydney Kingsford Smith International Airport,Sydney,SYD
Beijing Capital International Airport,Beijing,PEK
Tianjin Binhai International Airport,Tianjin,TSN
Guangzhou Baiyun International Airport,Guangzhou,CAN
Changsha Huanghua International Airport,Changcha,CSX
Guilin Liangjiang International Airport,Guilin,KWL
Shenzhen Bao'an International Airport,Shenzhen,SZX
Zhengzhou Xinzheng International Airport,Zhengzhou,CGO
Wuhan Tianhe International Airport,Wuhan,WUH
Pyongyang Sunan International Airport,Pyongyang,FNJ
Xi'an Xianyang International Airport,Xi'an,XIY
Chinggis Khaan International Airport,Ulan Bator,ULN
Kunming Changshui International Airport,Kunming,KMG
Xiamen Gaoqi International Airport,Xiamen,XMN
Nanchang Changbei International Airport,Nanchang,KHN
Fuzhou Changle International Airport,Fuzhou,FOC
Hangzhou Xiaoshan International Airport,Hangzhou,HGH
Ningbo Lishe International Airport,Ninbo,NGB
Hefei Luogang International Airport,Hefei,HFE
Shanghai Hongqiao International Airport,Shanghai,SHA
Chongqing Jiangbei International Airport,Chongqing,CKG
Chengdu Shuangliu International Airport,Chengdu,CTU
Ürümqi Diwopu International Airport,Urumqi,URC
Mudanjiang Hailang International Airport,Mudanjiang,MDG
Shanghai Pudong International Airport,Shanghai,PVG
Sultan Abdul Aziz Shah International Airport,Kuala Lumpur,SZB
Borg El Arab International Airport,Alexandria,HBE
Hilo International Airport,Hilo,ITO
Grand Forks International Airport,Grand Forks,GFK
General Edward Lawrence Logan International Airport,Boston,BOS
Griffiss International Airport,Rome,RME
Metropolitan Oakland International Airport,Oakland,OAK
Kansas City International Airport,Kansas City,MCI
Phoenix Sky Harbor International Airport,Phoenix,PHX
Bangor International Airport,Bangor,BGR
Spokane International Airport,Spokane,GEG
San Francisco International Airport,San Francisco,SFO
Cut Bank International Airport,Cutbank,CTB
Memphis International Airport,Memphis,MEM
Bisbee Douglas International Airport,Douglas,DUG
Los Angeles International Airport,Los Angeles,LAX
Cleveland Hopkins International Airport,Cleveland,CLE
Cincinnati Northern Kentucky International Airport,Cincinnati,CVG
Juneau International Airport,Juneau,JNU
Newark Liberty International Airport,Newark,EWR
Minot International Airport,Minot,MOT
Houlton International Airport,Houlton,HUL
Ellison Onizuka Kona International At Keahole Airport,Kona,KOA
Myrtle Beach International Airport,Myrtle Beach,MYR
Arkansas International Airport,Blytheville,BYH
Atlantic City International Airport,Atlantic City,ACY
Fort Lauderdale Hollywood International Airport,Fort Lauderdale,FLL
Falls International Airport,International Falls,INL
Salt Lake City International Airport,Salt Lake City,SLC
Harrisburg International Airport,Harrisburg,MDT
Massena International Richards Field,Massena,MSS
St Clair County International Airport,Port Huron,PHN
El Paso International Airport,El Paso,ELP
Valley International Airport,Harlingen,HRL
Pittsburgh International Airport,Pittsburgh,PIT
Alice International Airport,Alice,ALI
Miami International Airport,Miami,MIA
Seattle Tacoma International Airport,Seattle,SEA
Jackson-Medgar Wiley Evers International Airport,Jackson,JAN
Scholes International At Galveston Airport,Galveston,GLS
Indianapolis International Airport,Indianapolis,IND
Akron Fulton International Airport,Akron,AKC
Yuma MCAS/Yuma International Airport,Yuma,YUM
Duluth International Airport,Duluth,DLH
Grant County International Airport,Grant County Airport,MWH
Richmond International Airport,Richmond,RIC
Norfolk International Airport,Norfolk,ORF
Savannah Hilton Head International Airport,Savannah,SAV
St Petersburg Clearwater International Airport,St. Petersburg,PIE
San Antonio International Airport,San Antonio,SAT
Greater Rochester International Airport,Rochester,ROC
Raleigh Durham International Airport,Raleigh-durham,RDU
James M Cox Dayton International Airport,Dayton,DAY
Niagara Falls International Airport,Niagara Falls,IAG
Newport News Williamsburg International Airport,Newport News,PHF
Tucson International Airport,Tucson,TUS
Tampa International Airport,Tampa,TPA
Midland International Airport,Midland,MAF
Austin Straubel International Airport,Green Bay,GRB
Sloulin Field International Airport,Williston,ISN
Stewart International Airport,Newburgh,SWF
Baudette International Airport,Baudette,BDE
Dallas Fort Worth International Airport,Dallas-Fort Worth,DFW
Melbourne International Airport,Melbourne,MLB
Austin Bergstrom International Airport,Austin,AUS
Rickenbacker International Airport,Columbus,LCK
Sawyer International Airport,Gwinn,MQT
St Louis Lambert International Airport,St. Louis,STL
Hartsfield Jackson Atlanta International Airport,Atlanta,ATL
Gerald R. Ford International Airport,Grand Rapids,GRR
Fresno Yosemite International Airport,Fresno,FAT
Nashville International Airport,Nashville,BNA
Laredo International Airport,Laredo,LRD
Calexico International Airport,Calexico,CXL
Burlington International Airport,Burlington,BTV
Jacksonville International Airport,Jacksonville,JAX
Washington Dulles International Airport,Washington,IAD
General Mitchell International Airport,Milwaukee,MKE
Portland International Airport,Portland,PDX
Palm Beach International Airport,West Palm Beach,PBI
Fort Worth Meacham International Airport,Fort Worth,FTW
Ogdensburg International Airport,Ogdensburg,OGS
Boeing Field King County International Airport,Seattle,BFI
Daniel K Inouye International Airport,Honolulu,HNL
Des Moines International Airport,Des Moines,DSM
San Diego International Airport,San Diego,SAN
Ontario International Airport,Ontario,ONT
Roswell International Air Center Airport,Roswell,ROW
Brownsville South Padre Island International Airport,Brownsville,BRO
Corpus Christi International Airport,Corpus Christi,CRP
Syracuse Hancock International Airport,Syracuse,SYR
Chicago Midway International Airport,Chicago,MDW
Norman Y. Mineta San Jose International Airport,San Jose,SJC
Denver International Airport,Denver,DEN
Philadelphia International Airport,Philadelphia,PHL
John Glenn Columbus International Airport,Columbus,CMH
Plattsburgh International Airport,Plattsburgh,PBG
Ted Stevens Anchorage International Airport,Anchorage,ANC
Bellingham International Airport,Bellingham,BLI
Nogales International Airport,Nogales,OLS
Del Rio International Airport,Del Rio,DRT
Southwest Florida International Airport,Fort Myers,RSW
John F Kennedy International Airport,New York,JFK
Charleston Air Force Base-International Airport,Charleston,CHS
Reno Tahoe International Airport,Reno,RNO
Ketchikan International Airport,Ketchikan,KTN
Birmingham-Shuttlesworth International Airport,Birmingham,BHM
Sacramento International Airport,Sacramento,SMF
Buffalo Niagara International Airport,Buffalo,BUF
Bradley International Airport,Windsor Locks,BDL
Mc Allen Miller International Airport,Mcallen,MFE
Lubbock Preston Smith International Airport,Lubbock,LBB
Chicago O'Hare International Airport,Chicago,ORD
Fairbanks International Airport,Fairbanks,FAI
Watertown International Airport,Watertown,ART
Palm Springs International Airport,Palm Springs,PSP
Rick Husband Amarillo International Airport,Amarillo,AMA
Wilmington International Airport,Wilmington,ILM
Baltimore/Washington International Thurgood Marshall Airport,Baltimore,BWI
Alexandria International Airport,Alexandria,AEX
Tulsa International Airport,Tulsa,TUL
Minneapolis-St Paul International/Wold-Chamberlain Airport,Minneapolis,MSP
Louis Armstrong New Orleans International Airport,New Orleans,MSY
Portland International Jetport Airport,Portland,PWM
Albany International Airport,Albany,ALB
Casper-Natrona County International Airport,Casper,CPR
Key West International Airport,Key West,EYW
Charlotte Douglas International Airport,Charlotte,CLT
McCarran International Airport,Las Vegas,LAS
Orlando International Airport,Orlando,MCO
Great Falls International Airport,Great Falls,GTF
Husein Sastranegara International Airport,Bandung,BDO
Adi Sutjipto International Airport,Yogyakarta,JOG
Hang Nadim International Airport,Batam,BTH
Raja Haji Fisabilillah International Airport,Tanjung Pinang,TNJ
Juanda International Airport,Surabaya,SUB
Incheon International Airport,Seoul,ICN
Chiang Mai International Airport,Chiang Mai,CNX
Chiang Rai International Airport,Chiang Rai,CEI
Ngurah Rai (Bali) International Airport,Denpasar,DPS
Eleftherios Venizelos International Airport,Athens,ATH
Chubu Centrair International Airport,Nagoya,NGO
Daytona Beach International Airport,Daytona Beach,DAB
Liepāja International Airport,Liepaja,LPX
Riga International Airport,Riga,RIX
Šiauliai International Airport,Siauliai,SQQ
Kaunas International Airport,Kaunas,KUN
Palanga International Airport,Palanga,PLQ
Vilnius International Airport,Vilnius,VNO
Zvartnots International Airport,Yerevan,EVN
Assab International Airport,Assab,ASA
Asmara International Airport,Asmara,ASM
Massawa International Airport,Massawa,MSW
Yasser Arafat International Airport,Gaza,GZA
Batumi International Airport,Batumi,BUS
Tbilisi International Airport,Tbilisi,TBS
Mukalla International Airport,Mukalla,RIY
Ta'izz International Airport,Taiz,TAI
Hodeidah International Airport,Hodeidah,HOD
Aden International Airport,Aden,ADE
Al Ghaidah International Airport,Al Ghaidah Intl,AAY
Sana'a International Airport,Sanaa,SAH
Socotra International Airport,Socotra,SCT
Ministro Pistarini International Airport,Buenos Aires,EZE
Erbil International Airport,Erbil,EBL
Kansai International Airport,Osaka,KIX
Darwin International Airport,Darwin,DRW
Piedmont Triad International Airport,Greensboro,GSO
Louisville International Standiford Field,Louisville,SDF
Albuquerque International Sunport,Albuquerque,ABQ
Billings Logan International Airport,Billings,BIL
Mundo Maya International Airport,Flores,FRS
Chicago Rockford International Airport,Rockford,RFD
Domodedovo International Airport,Moscow,DME
Sanya Phoenix International Airport,Sanya,SYX
Greenville Spartanburg International Airport,Greenville,GSP
Gulfport Biloxi International Airport,Gulfport,GPT
Kalamazoo Battle Creek International Airport,Kalamazoo,AZO
Fort Wayne International Airport,Fort Wayne,FWA
General Wayne A. Downing Peoria International Airport,Peoria,PIA
Appleton International Airport,Appleton,ATW
Rochester International Airport,Rochester,RST
Sharm El Sheikh International Airport,Sharm El Sheikh,SSH
Jomo Kenyatta International Airport,Nairobi,NBO
Sarasota Bradenton International Airport,Sarasota,SRQ
L.F. Wade International International Airport,Bermuda,BDA
Quad City International Airport,Moline,MLI
Panama City-Bay Co International Airport,Panama City,PFN
Honiara International Airport,Honiara,HIR
Faa'a International Airport,Papeete,PPT
Nauru International Airport,Nauru,INU
Funafuti International Airport,Funafuti,FUN
Bishop International Airport,Flint,FNT
Francisco Bangoy International Airport,Davao,DVO
Sihanoukville International Airport,Sihanoukville,KOS
Rogue Valley International Medford Airport,Medford,MFR
Hosea Kutako International Airport,Windhoek,WDH
Roshchino International Airport,Tyumen,TJM
Huntsville International Carl T Jones Field,Huntsville,HSV
Haikou Meilan International Airport,Haikou,HAK
Glacier Park International Airport,Kalispell,FCA
MBS International Airport,Saginaw,MBS
Baghdad International Airport,Baghdad,BGW
Diosdado Macapagal International Airport,Angeles City,CRK
Chu Lai International Airport,Chu Lai,VCL
Yaoundé Nsimalen International Airport,Yaounde,NSI
Conakry International Airport,Conakry,CKY
Orlando Sanford International Airport,Sanford,SFB
Muan International Airport,Muan,MWX
Marsa Alam International Airport,Marsa Alam,RMF
Laoag International Airport,Laoag,LAO
Legazpi City International Airport,Legazpi,LGP
Mactan Cebu International Airport,Cebu,CEB
Missoula International Airport,Missoula,MSO
Las Cruces International Airport,Las Cruces,LRU
Nizhny Novgorod Strigino International Airport,Nizhniy Novgorod,GOJ
Erie International Tom Ridge Field,Erie,ERI
Wilkes Barre Scranton International Airport,Scranton,AVP
Hector International Airport,Fargo,FAR
Jieyang Chaoshan International Airport,Shantou,SWA
Cheddi Jagan International Airport,Georgetown,GEO
Guarani International Airport,Ciudad del Este,AGT
Eugene F. Correira International Airport,Georgetown,OGL
Kaieteur International Airport,Kaieteur,KAI
Taba International Airport,Taba,TCP
Milas Bodrum International Airport,Bodrum,BJV
Sabiha Gökçen International Airport,Istanbul,SAW
Broome International Airport,Broome,BME
Imam Khomeini International Airport,Tehran,IKA
Mashhad International Airport,Mashhad,MHD
Lehigh Valley International Airport,Allentown,ABE
Kogalym International Airport,Kogalym,KGP
Ventspils International Airport,Ventspils,VNT
Kruger Mpumalanga International Airport,Mpumalanga,MQP
Mmabatho International Airport,Mafeking,MBD
Sherbro International Airport,Bonthe,BTE
Osvaldo Vieira International Airport,Bissau,OXB
Nador International Airport,El Aroui,NDR
Praia International Airport,"Praia, Santiago Island",RAI
Aden Adde International Airport,Mogadishu,MGQ
El Arish International Airport,El Arish,AAC
Assiut International Airport,Asyut,ATZ
Port Sudan New International Airport,Port Sudan,PZU
Chippewa County International Airport,Sault Ste Marie,CIU
William R Fairchild International Airport,Port Angeles,CLM
Wokal Field Glasgow International Airport,Glasgow,GGW
Portsmouth International at Pease Airport,Portsmouth,PSM
Ercan International Airport,Nicosia,ECN
Sármellék International Airport,Sármellék,SOB
Banja Luka International Airport,Banja Luka,BNX
Süleyman Demirel International Airport,Isparta,ISE
JAGS McCartney International Airport,Cockburn Town,GDT
Samaná El Catey International Airport,Samana,AZS
La Isabela International Airport,La Isabela,JBQ
Tobias Bolanos International Airport,San Jose,SYQ
Niue International Airport,Alofi,IUE
Santo Pekoa International Airport,Santo,SON
Al Ain International Airport,Al Ain,AAN
Turbat International Airport,Turbat,TUK
Sulaymaniyah International Airport,Sulaymaniyah,ISU
Sayun International Airport,Sayun Intl,GXF
Yangyang International Airport,Sokcho / Gangneung,YNY
Cheongju International Airport/Cheongju Air Base (K-59/G-513),Chongju,CJJ
Subic Bay International Airport,Olongapo City,SFS
Vance W. Amory International Airport,Charlestown,NEV
Union Island International Airport,Union Island,UNI
Mariupol International Airport,Mariupol International,MPW
Luhansk International Airport,Lugansk,VSG
Zaporizhzhia International Airport,Zaporozhye,OZH
Kryvyi Rih International Airport,Krivoy Rog,KWG
Kharkiv International Airport,Kharkov,HRK
Ivano-Frankivsk International Airport,Ivano-Frankivsk,IFO
Chernivtsi International Airport,Chernovtsk,CWC
Rivne International Airport,Rivne,RWN
Uzhhorod International Airport,Uzhgorod,UDJ
Fergana International Airport,Fergana,FEG
Belgorod International Airport,Belgorod,EGO
Lokpriya Gopinath Bordoloi International Airport,Guwahati,GAU
Gan International Airport,Gan Island,GAN
Cat Bi International Airport,Haiphong,HPH
Can Tho International Airport,Can Tho,VCA
Halim Perdanakusuma International Airport,Jakarta,HLP
Baita International Airport,Hohhot,HET
Shijiazhuang Daguocun International Airport,Shijiazhuang,SJW
Quanzhou Jinjiang International Airport,Quanzhou,JJN
Tunxi International Airport,Huangshan,TXN
Sunan Shuofang International Airport,Wuxi,WUX
Wenzhou Longwan International Airport,Wenzhou,WNZ
Sam Mbakwe International Airport,Imo,QOW
Capitan Corbeta CA Curbelo International Airport,Punta del Este,PDP
Zhukovsky International Airport,Ramenskoe,ZIA
Tuzla International Airport,Null,TZL
Gary Chicago International Airport,Gary,GYY
Cherkasy International Airport,Cherkassy,CKC
Mykolaiv International Airport,Nikolayev,NLV
La Macaza / Mont-Tremblant International Inc Airport,Mont-Tremblant,YTM
Laguna de Los Patos International Airport,Colonia,CYR
Dr Augusto Roberto Fuster International Airport,Pedro Juan Caballero,PJC
Shark El Oweinat International Airport,Sharq Al-Owainat,GSQ
Wilwal International Airport,Jijiga,JIJ
Enfidha - Hammamet International Airport,Enfidha,NBE
Qurghonteppa International Airport,Kurgan Tyube,KQT
Al Najaf International Airport,Najaf,NJF
Kherson International Airport,Kherson,KHE
Persian Gulf International Airport,Khalije Fars,PGU
Mosul International Airport,Mosul,OSM
Northwest Florida Beaches International Airport,Panama City,ECP
San Bernardino International Airport,San Bernardino,SBD
Lakeland Linder International Airport,Lakeland,LAL
El Alamein International Airport,Dabaa City,DBB
Al Maktoum International Airport,Dubai,DWC
Sohag International Airport,Sohag,HMB
Presidente General Don Oscar D. Gestido International Airport,Rivera,RVY
St Lucie County International Airport,Fort Pierce,FPR
Lombok International Airport,Praya,LOP
Ocala International Airport - Jim Taylor Field,Ocala,OCF
Ostafyevo International Airport,Moscow,OSF
Lankaran International Airport,Lankaran,LLK
Gabala International Airport,Qabala,GBB
Zaqatala International Airport,Zaqatala,ZTU
Oakland County International Airport,Pontiac,PTK
Mattala Rajapaksa International Airport,Mattala,HRI
Asaba International Airport,Asaba,ABB
Akwa Ibom International Airport,Uyo,QUO
Kualanamu International Airport,Medan,KNO
Chichen Itza International Airport,Chichen Itza,CZA
Scarlett Martinez International Airport,Rio Hato,RIH
Leesburg International Airport,Leesburg,LEE
Erenhot Saiwusu International Airport,Erenhot,ERL
Beijing Daxing International Airport,Beijing,PKX
Wonsan Kalma International Airport,Wonsan,WOS
Hamad International Airport,Doha,DOH
Cerro Largo International Airport,Melo,MLZ
Artigas International Airport,Artigas ,ATI
Payam International Airport,Karaj,PYK
Issyk-Kul International Airport,Tamchy,IKU
Rajiv Gandhi International Airport,Hyderabad,HYD
Sabetta International Airport,Sabetta,SBT
Blaise Diagne International Airport,Diass,DSS
Palenque International Airport,Palenque,PQM
Sir Abubakar Tafawa Balewa International Airport,Bauchi,BCU
Gombe Lawanti International Airport,Gombe,GMO
King Mswati III International Airport,Manzini,SHO
Duqm International Airport,Duqm,DQM
Kannur International Airport,Kannur,CNN
New Islamabad International Airport,Islamabad,ISB
Región de Murcia International Airport,Murcia,RMU
